"GENE","Amino.Acid.Mutation","Abbreviation","Australia","SouthAfrica","Wales","England","VOC"
"S","Asn501Tyr","N501Y",1,1,1,1,"NO"
"S","Asp614Gly","D614G",1,1,1,1,"NO"
"ORF1ab","Pro4715Leu","P4715L",1,1,1,0.998648191956742,"NO"
"S","Asp1118His","D1118H",0.051282051282051,0,0.03765690376569,0.998310239945928,"YES"
"S","Ala570Asp","A570D",0.051282051282051,0,0.03765690376569,0.997972287935113,"YES"
"ORF1ab","Ser3675_Phe3677del","S3675_F3677del",0.051282051282051,0,0.03765690376569,0.997634335924299,"YES"
"ORF1ab","Thr1001Ile","T1001I",0.051282051282051,0,0.03765690376569,0.997296383913484,"YES"
"S","Ser982Ala","S982A",0.051282051282051,0,0.03765690376569,0.99695843190267,"YES"
"S","His69_Val70del","H69_V70del",0.051282051282051,0,0.03765690376569,0.996620479891855,"YES"
"ORF8","Tyr73Cys","Y73C",0.051282051282051,0,0.03765690376569,0.996620479891855,"YES"
"S","Pro681His","P681H",0.051282051282051,0,0.03765690376569,0.995944575870226,"YES"
"S","Thr716Ile","T716I",0.051282051282051,0,0.03765690376569,0.995606623859412,"YES"
"S","Tyr145del","Y145del",0.051282051282051,0,0.03765690376569,0.992565055762082,"YES"
"N","Asp3Leu","D3L",0.051282051282051,0,0.03765690376569,0.992227103751267,"YES"
"N","Arg203Lys","R203K",0.974358974358974,0,1,0.991551199729638,"NO"
"N","Gly204Arg","G204R",0.974358974358974,0,1,0.991551199729638,"NO"
"N","Ser235Phe","S235F",0.051282051282051,0,0.03765690376569,0.988509631632308,"YES"
"ORF1ab","Ile2230Thr","I2230T",0.051282051282051,0,0.03765690376569,0.988171679621494,"YES"
"ORF1ab","Ala1708Asp","A1708D",0,0,0.03765690376569,0.970936127069956,"YES"
"ORF8","Gln27*","Q27*",0.051282051282051,0,0.03765690376569,0.963501182832038,"YES"
"ORF8","Arg52Ile","R52I",0.051282051282051,0,0.03765690376569,0.963163230821223,"YES"
"S","Glu484Lys","E484K",0,1,0,0,"NO"
"ORF1ab","Lys1655Asn","K1655N",0,1,0,0,"NO"
"ORF1ab","Thr265Ile","T265I",0,1,0,0,"NO"
"S","Ala701Val","A701V",0,0.995024875621891,0,0,"NO"
"ORF1ab","Lys3353Arg","K3353R",0,0.995024875621891,0,0,"NO"
"ORF3a","Gln57His","Q57H",0,0.990049751243781,0,0,"NO"
"S","Asp80Ala","D80A",0,0.985074626865672,0,0,"NO"
"N","Thr205Ile","T205I",0,0.985074626865672,0,0,"NO"
"S","Lys417Asn","K417N",0,0.975124378109453,0,0,"NO"
"E","Pro71Leu","P71L",0,0.975124378109453,0,0,"NO"
"ORF3a","Ser171Leu","S171L",0,0.880597014925373,0,0,"NO"
"N","Gln9His","Q9H",0,0,0.960251046025105,0,"NO"
"ORF1ab","Ser944Leu","S944L",0,0,0.960251046025105,0,"NO"
"ORF3a","Tyr156Cys","Y156C",0,0,0.960251046025105,0,"NO"
"ORF1ab","Gly3334Ser","G3334S",0,0,0.9581589958159,0,"NO"
"ORF1ab","Pro3395Leu","P3395L",0,0,0.9581589958159,0,"NO"
"ORF1ab","Thr6485Ile","T6485I",0,0,0.9581589958159,0,"NO"
"ORF1ab","His2357Tyr","H2357Y",0,0,0.956066945606695,0,"NO"
"ORF3a","Thr14Ile","T14I",0,0,0.956066945606695,0,"NO"
"ORF7a","Thr14Ile","T14I",0,0,0.956066945606695,0,"NO"
"ORF1ab","Met6723Ile","M6723I",0,0,0.95397489539749,0,"NO"
"ORF1ab","Ala6669Val","A6669V",0,0,0.949790794979079,0,"NO"
